ID,SAMPLE_NUM,BAT,TEMP,PH,DO,LATITUD,LONGITUD,COND,ORP,DATE
"SW1,1.0,39.0,45.18,7.14,120.7,0.0,0.0,1.2,0.205,""2021-06-11 14:03:12.438810"""
"SW1,2.0,39.0,45.33,7.37,120.5,0.0,0.0,1.2,-0.036,""2021-06-11 14:03:24.975872"""
"SW1,3.0,39.0,45.43,8.11,118.4,0.0,0.0,1.2,0.082,""2021-06-11 14:03:38.032925"""
"SW1,4.0,39.0,37.78,9.81,102.0,0.0,0.0,481.8,0.072,""2021-06-11 14:03:50.585801"""
"SW1,5.0,39.0,30.99,9.71,105.3,0.0,0.0,621.2,0.071,""2021-06-11 14:04:03.120685"""
"SW1,6.0,39.0,29.52,9.72,110.3,0.0,0.0,638.2,0.071,""2021-06-11 14:04:15.674074"""
"SW1,7.0,39.0,29.26,9.59,113.0,0.0,0.0,1446.9,0.074,""2021-06-11 14:04:28.709110"""
"SW1,8.0,39.0,29.1,9.59,111.8,0.0,0.0,1460.5,0.073,""2021-06-11 14:04:41.265938"""
"SW1,9.0,39.0,29.0,9.61,108.9,0.0,0.0,1472.2,0.073,""2021-06-11 14:04:53.819749"""
"SW1,10.0,39.0,28.95,9.66,109.4,0.0,0.0,1482.1,0.073,""2021-06-11 14:05:06.351915"""
"SW1,11.0,39.0,28.91,9.7,110.0,0.0,0.0,1491.7,0.073,""2021-06-11 14:05:19.407755"""
"SW1,12.0,39.0,28.86,9.72,109.4,0.0,0.0,1495.4,0.073,""2021-06-11 14:05:31.943467"""
"SW1,13.0,39.0,28.83,9.72,110.0,0.0,0.0,1499.9,0.073,""2021-06-11 14:05:44.499342"""
"SW1,14.0,39.0,28.83,9.71,108.5,0.0,0.0,1504.7,0.073,""2021-06-11 14:05:57.054687"""
"SW1,15.0,39.0,28.85,9.71,111.2,0.0,0.0,1506.1,0.073,""2021-06-11 14:06:10.094119"""
"SW1,16.0,39.0,28.89,9.68,110.7,0.0,0.0,1508.3,0.073,""2021-06-11 14:06:22.650883"""
"SW1,17.0,39.0,28.91,9.7,111.4,0.0,0.0,1513.5,0.073,""2021-06-11 14:06:35.185422"""
"SW1,18.0,39.0,28.89,9.71,112.5,0.0,0.0,1514.0,0.073,""2021-06-11 14:06:47.743022"""
"SW1,19.0,39.0,28.87,9.71,112.9,0.0,0.0,1518.2,0.073,""2021-06-11 14:07:00.802624"""
"SW1,20.0,39.0,28.88,9.71,113.7,0.0,0.0,1520.1,0.073,""2021-06-11 14:07:13.360746"""
"SW1,21.0,39.0,28.92,9.71,111.5,0.0,0.0,1519.3,0.073,""2021-06-11 14:07:25.916671"""
"SW1,22.0,39.0,28.93,9.71,109.5,0.0,0.0,1520.6,0.073,""2021-06-11 14:07:38.473429"""
"SW1,23.0,39.0,28.95,9.71,113.3,0.0,0.0,1520.7,0.073,""2021-06-11 14:07:51.512270"""
"SW1,24.0,39.0,28.95,9.72,112.5,0.0,0.0,1522.1,0.073,""2021-06-11 14:08:04.049478"""
"SW1,25.0,39.0,28.95,9.72,110.4,0.0,0.0,1523.2,0.073,""2021-06-11 14:08:16.587668"""
"SW1,26.0,39.0,28.98,9.72,110.3,0.0,0.0,1523.2,0.073,""2021-06-11 14:08:29.626729"""
"SW1,27.0,39.0,28.97,9.71,109.9,0.0,0.0,1523.6,0.073,""2021-06-11 14:08:42.164462"""
"SW1,28.0,39.0,28.98,9.72,110.1,0.0,0.0,1524.0,0.073,""2021-06-11 14:08:54.703870"""
"SW1,29.0,39.0,28.99,9.71,109.1,0.0,0.0,1526.4,0.073,""2021-06-11 14:09:07.240341"""
"SW1,30.0,39.0,28.99,9.72,109.9,0.0,0.0,1526.1,0.073,""2021-06-11 14:09:20.295582"""
"SW1,31.0,39.0,28.99,9.71,113.5,0.0,0.0,1525.2,0.073,""2021-06-11 14:09:32.852675"""
"SW1,32.0,39.0,28.99,9.73,112.4,0.0,0.0,1527.2,0.073,""2021-06-11 14:09:45.390747"""
"SW1,33.0,39.0,28.94,9.73,111.9,0.0,0.0,1528.2,0.073,""2021-06-11 14:09:57.945413"""
"SW1,34.0,39.0,28.92,9.72,112.0,0.0,0.0,1529.1,0.073,""2021-06-11 14:10:11.003880"""
"SW1,35.0,39.0,28.93,9.73,110.7,0.0,0.0,1529.6,0.073,""2021-06-11 14:10:23.557045"""
"SW1,36.0,39.0,28.97,9.73,110.9,0.0,0.0,1527.5,0.073,""2021-06-11 14:10:36.114468"""
"SW1,37.0,39.0,29.01,9.71,111.6,0.0,0.0,1526.9,0.073,""2021-06-11 14:10:49.153274"""
"SW1,38.0,39.0,29.02,9.7,114.8,0.0,0.0,1528.1,0.073,""2021-06-11 14:11:01.690283"""
"SW1,39.0,39.0,29.03,9.71,113.9,0.0,0.0,1527.9,0.073,""2021-06-11 14:11:14.226008"""
"SW1,40.0,39.0,29.03,9.7,114.6,0.0,0.0,1529.2,0.073,""2021-06-11 14:11:26.781443"""
"SW1,41.0,39.0,29.04,9.71,113.8,0.0,0.0,1530.7,0.073,""2021-06-11 14:11:39.839089"""
"SW1,42.0,39.0,29.05,9.71,113.0,0.0,0.0,1530.1,0.073,""2021-06-11 14:11:52.393769"""
"SW1,43.0,39.0,29.05,9.72,112.9,0.0,0.0,1529.9,0.073,""2021-06-11 14:12:04.933270"""
"SW1,44.0,39.0,29.04,9.72,113.6,0.0,0.0,1528.9,0.073,""2021-06-11 14:12:17.970085"""
"SW1,45.0,39.0,29.03,9.73,116.0,0.0,0.0,1531.2,0.073,""2021-06-11 14:12:30.524344"""
"SW1,46.0,39.0,29.03,9.73,115.6,0.0,0.0,1531.9,0.073,""2021-06-11 14:12:43.080172"""
"SW1,47.0,39.0,29.03,9.73,115.2,0.0,0.0,1531.8,0.073,""2021-06-11 14:12:55.633571"""
"SW1,48.0,39.0,29.03,9.74,114.7,0.0,0.0,1532.1,0.073,""2021-06-11 14:13:08.690196"""
"SW1,49.0,39.0,29.04,9.74,111.7,0.0,0.0,1531.3,0.073,""2021-06-11 14:13:21.247617"""
"SW1,50.0,39.0,29.05,9.74,110.3,0.0,0.0,1532.6,0.073,""2021-06-11 14:13:33.804794"""
"SW1,51.0,39.0,29.05,9.74,109.9,0.0,0.0,1532.4,0.073,""2021-06-11 14:13:46.342385"""
"SW1,52.0,39.0,29.05,9.74,110.4,0.0,0.0,1532.7,0.073,""2021-06-11 14:13:59.380055"""
"SW1,53.0,39.0,29.09,9.73,108.9,0.0,0.0,1531.9,0.073,""2021-06-11 14:14:11.917892"""
"SW1,54.0,39.0,29.11,9.73,108.0,0.0,0.0,1531.6,0.073,""2021-06-11 14:14:24.473309"""
"SW1,55.0,39.0,29.09,9.74,113.2,0.0,0.0,1529.7,0.073,""2021-06-11 14:14:37.025045"""
"SW1,56.0,39.0,29.06,9.74,113.5,0.0,0.0,1529.9,0.073,""2021-06-11 14:14:50.081431"""
"SW1,57.0,39.0,29.06,9.73,115.0,0.0,0.0,1530.3,0.073,""2021-06-11 14:15:02.635820"""
"SW1,58.0,39.0,29.07,9.72,113.7,0.0,0.0,1531.3,0.073,""2021-06-11 14:15:15.172987"""
"SW1,59.0,39.0,29.08,9.73,111.9,0.0,0.0,1532.8,0.073,""2021-06-11 14:15:28.209394"""
"SW1,60.0,39.0,29.07,9.73,111.4,0.0,0.0,1533.6,0.073,""2021-06-11 14:15:40.765266"""
"SW1,61.0,39.0,29.08,9.73,109.1,0.0,0.0,1532.5,0.073,""2021-06-11 14:15:53.822552"""
"SW1,62.0,39.0,29.09,9.74,107.9,0.0,0.0,1533.6,0.073,""2021-06-11 14:16:06.378396"""
"SW1,63.0,39.0,29.11,9.75,109.3,0.0,0.0,1528.4,0.073,""2021-06-11 14:16:22.422080"""
"SW1,64.0,39.0,29.1,9.73,112.4,0.0,0.0,1530.3,0.073,""2021-06-11 14:16:34.977429"""
"SW1,65.0,39.0,29.11,9.72,111.8,0.0,0.0,1529.1,0.073,""2021-06-11 14:16:48.011162"""
"SW1,66.0,39.0,29.14,9.72,111.2,0.0,0.0,1530.7,0.073,""2021-06-11 14:17:00.565322"""
"SW1,67.0,39.0,29.12,9.72,109.8,0.0,0.0,1530.5,0.073,""2021-06-11 14:17:13.120032"""
"SW1,68.0,39.0,29.16,9.72,109.4,0.0,0.0,1530.3,0.073,""2021-06-11 14:17:26.159391"""
"SW1,69.0,39.0,29.18,9.72,109.4,0.0,0.0,1532.5,0.073,""2021-06-11 14:17:38.697425"""
"SW1,70.0,39.0,29.21,9.73,108.7,0.0,0.0,1531.9,0.073,""2021-06-11 14:17:52.739208"""
"SW1,71.0,39.0,29.23,9.72,107.8,0.0,0.0,1532.7,0.073,""2021-06-11 14:18:05.795741"""
"SW1,72.0,39.0,29.25,9.72,106.8,0.0,0.0,1532.7,0.073,""2021-06-11 14:18:18.332877"""
"SW1,73.0,39.0,29.28,9.72,106.0,0.0,0.0,1532.9,0.073,""2021-06-11 14:18:30.869258"""
"SW1,74.0,39.0,29.28,9.72,108.0,0.0,0.0,1531.0,0.073,""2021-06-11 14:18:43.926374"""
"SW1,75.0,39.0,29.25,9.73,111.8,0.0,0.0,1531.4,0.073,""2021-06-11 14:18:56.483327"""
"SW1,76.0,39.0,29.23,9.73,114.9,0.0,0.0,1532.1,0.073,""2021-06-11 14:19:09.037747"""
"SW1,77.0,39.0,29.25,9.72,115.1,0.0,0.0,1531.2,0.073,""2021-06-11 14:19:22.074823"""
"SW1,81.0,39.0,29.26,9.79,114.4,0.0,0.0,1533.0,0.073,""2021-06-11 14:20:47.787915"""
"SW1,83.0,39.0,29.3,9.8,109.1,0.0,0.0,1534.0,0.073,""2021-06-11 14:21:38.403293"""
"SW1,84.0,39.0,29.29,9.81,110.2,0.0,0.0,1534.3,0.073,""2021-06-11 14:22:01.962354"""
"SW1,90.0,39.0,29.38,9.81,108.3,0.0,0.0,1535.5,0.073,""2021-06-11 14:24:00.729398"""
"SW1,90.0,39.0,29.38,9.81,108.3,0.0,0.0,1535.5,0.073,""2021-06-11 14:24:07.753080"""
"SW1,90.0,39.0,29.38,9.81,108.3,0.0,0.0,1535.5,0.073,""2021-06-11 14:24:12.793749"""
"SW1,91.0,39.0,29.39,9.83,108.5,0.0,0.0,1536.4,0.073,""2021-06-11 14:24:34.366103"""
"SW1,97.0,39.0,29.47,9.82,114.4,0.0,0.0,1531.4,0.073,""2021-06-11 14:26:34.142578"""
"SW1,98.0,39.0,29.47,9.8,115.9,0.0,0.0,1533.6,0.073,""2021-06-11 14:26:46.672033"""
"SW1,99.0,39.0,29.47,9.78,115.5,0.0,0.0,1532.6,0.073,""2021-06-11 14:26:59.229080"""
"SW1,100.0,39.0,29.45,9.77,112.8,0.0,0.0,1533.6,0.073,""2021-06-11 14:27:12.268613"""
"SW1,101.0,39.0,29.49,9.76,112.1,0.0,0.0,1532.7,0.073,""2021-06-11 14:27:24.810399"""
"SW1,102.0,39.0,29.51,9.75,112.8,0.0,0.0,1530.9,0.073,""2021-06-11 14:27:37.866115"""
"SW1,103.0,39.0,29.53,9.76,115.1,0.0,0.0,1532.7,0.073,""2021-06-11 14:27:52.426037"""
"SW1,104.0,39.0,29.55,9.74,114.5,0.0,0.0,1532.5,0.073,""2021-06-11 14:28:04.980662"""
"SW1,105.0,39.0,29.57,9.75,114.1,0.0,0.0,1533.5,0.073,""2021-06-11 14:28:17.519691"""
"SW1,106.0,39.0,29.56,9.74,113.4,0.0,0.0,1533.0,0.073,""2021-06-11 14:28:30.055733"""
"SW1,107.0,39.0,29.56,9.74,117.0,0.0,0.0,1533.5,0.073,""2021-06-11 14:28:43.111289"""
"SW1,108.0,39.0,29.58,9.74,113.2,0.0,0.0,1533.4,0.073,""2021-06-11 14:28:55.668848"""
"SW1,109.0,39.0,29.58,9.74,115.6,0.0,0.0,1533.6,0.073,""2021-06-11 14:29:08.225286"""
"SW1,110.0,39.0,29.57,9.74,113.2,0.0,0.0,1533.3,0.073,""2021-06-11 14:29:20.762542"""
"SW1,111.0,39.0,29.57,9.75,113.0,0.0,0.0,1545.1,0.073,""2021-06-11 14:29:33.797770"""
"SW1,112.0,39.0,29.52,9.7,120.9,0.0,0.0,1537.5,0.073,""2021-06-11 14:29:46.352982"""
"SW1,113.0,39.0,29.51,9.69,120.1,0.0,0.0,1537.2,0.073,""2021-06-11 14:29:58.907428"""
"SW1,114.0,39.0,29.51,9.69,117.4,0.0,0.0,1536.8,0.073,""2021-06-11 14:30:11.944426"""
"SW1,115.0,39.0,29.35,9.21,118.1,0.0,0.0,1.3,0.187,""2021-06-11 14:30:24.499489"""
"SW1,116.0,39.0,28.81,8.83,116.7,0.0,0.0,1.3,0.189,""2021-06-11 14:30:37.055823"""
"SW1,117.0,39.0,28.42,8.65,116.1,0.0,0.0,1.3,0.188,""2021-06-11 14:30:49.590187"""
"SW1,118.0,39.0,28.17,8.63,115.7,0.0,0.0,1.3,0.175,""2021-06-11 14:31:02.647680"""
"SW1,119.0,39.0,27.91,9.54,118.5,0.0,0.0,1274.6,0.175,""2021-06-11 14:31:15.203946"""
"SW1,120.0,39.0,29.03,9.55,123.9,0.0,0.0,1253.8,0.175,""2021-06-11 14:31:27.759675"""
"SW1,121.0,39.0,29.47,9.58,121.9,0.0,0.0,1249.0,0.175,""2021-06-11 14:31:40.294981"""
"SW1,122.0,39.0,29.58,9.61,119.0,0.0,0.0,1246.6,0.175,""2021-06-11 14:31:53.350840"""
"SW1,123.0,39.0,29.61,9.63,117.0,0.0,0.0,1245.4,0.175,""2021-06-11 14:32:05.906109"""
"SW1,124.0,39.0,29.61,9.64,116.5,0.0,0.0,1244.2,0.175,""2021-06-11 14:32:18.458103"""
"SW1,125.0,39.0,29.56,9.64,113.2,0.0,0.0,1243.3,0.175,""2021-06-11 14:32:31.011024"""
"SW1,126.0,39.0,29.56,9.65,113.1,0.0,0.0,1242.7,0.175,""2021-06-11 14:32:44.049067"""
"SW1,127.0,39.0,29.55,9.66,111.2,0.0,0.0,1242.6,0.175,""2021-06-11 14:32:56.583612"""
"SW1,128.0,39.0,29.55,9.66,111.5,0.0,0.0,1242.4,0.175,""2021-06-11 14:33:09.140907"""
"SW1,129.0,39.0,29.56,9.67,109.9,0.0,0.0,1242.1,0.175,""2021-06-11 14:33:21.697451"""
"SW1,130.0,39.0,29.56,9.67,110.0,0.0,0.0,1239.8,0.175,""2021-06-11 14:33:34.737304"""
"SW1,131.0,39.0,29.55,9.67,113.0,0.0,0.0,1241.1,0.175,""2021-06-11 14:33:47.293081"""
"SW1,132.0,39.0,29.56,9.68,111.8,0.0,0.0,1240.9,0.175,""2021-06-11 14:33:59.850150"""
"SW1,133.0,39.0,29.57,9.68,109.4,0.0,0.0,1240.9,0.175,""2021-06-11 14:34:12.404334"""
"SW1,134.0,39.0,29.57,9.68,110.1,0.0,0.0,1241.0,0.175,""2021-06-11 14:34:25.461636"""
"SW1,135.0,39.0,29.56,9.68,107.8,0.0,0.0,1240.1,0.175,""2021-06-11 14:34:37.992844"""
"SW1,136.0,39.0,29.56,9.68,106.3,0.0,0.0,1240.3,0.175,""2021-06-11 14:34:50.547803"""
"SW1,137.0,39.0,29.58,9.69,108.2,0.0,0.0,1239.5,0.175,""2021-06-11 14:35:03.604443"""
"SW1,138.0,39.0,29.59,9.68,108.7,0.0,0.0,1238.3,0.175,""2021-06-11 14:35:16.141974"""
"SW1,139.0,39.0,29.6,9.68,107.6,0.0,0.0,1238.3,0.175,""2021-06-11 14:35:28.700046"""
"SW1,140.0,39.0,29.59,9.69,111.7,0.0,0.0,1239.0,0.175,""2021-06-11 14:35:41.257483"""
"SW1,141.0,39.0,29.58,9.69,111.7,0.0,0.0,1239.7,0.175,""2021-06-11 14:35:54.311423"""
"SW1,142.0,39.0,29.6,9.69,109.2,0.0,0.0,1239.4,0.175,""2021-06-11 14:36:06.848031"""
"SW1,143.0,39.0,29.6,9.68,108.2,0.0,0.0,1239.3,0.175,""2021-06-11 14:36:19.405432"""
"SW1,144.0,39.0,29.59,9.68,108.4,0.0,0.0,1237.6,0.175,""2021-06-11 14:36:31.959087"""
"SW1,146.0,39.0,29.6,9.69,111.3,0.0,0.0,1240.2,0.175,""2021-06-11 14:36:57.542344"""
"SW1,147.0,39.0,29.6,9.69,110.1,0.0,0.0,1240.7,0.175,""2021-06-11 14:37:10.081287"""
"SW1,148.0,39.0,29.59,9.69,108.7,0.0,0.0,1240.7,0.175,""2021-06-11 14:37:22.618701"""
"SW1,149.0,39.0,29.59,9.69,106.9,0.0,0.0,1240.0,0.175,""2021-06-11 14:37:35.674948"""
"SW1,150.0,39.0,29.6,9.7,108.7,0.0,0.0,1239.4,0.175,""2021-06-11 14:37:48.231664"""
"SW1,151.0,39.0,29.6,9.7,111.2,0.0,0.0,1240.4,0.175,""2021-06-11 14:38:00.786682"""
"SW1,152.0,39.0,29.59,9.69,112.6,0.0,0.0,1239.9,0.175,""2021-06-11 14:38:13.325878"""
"SW1,153.0,39.0,29.58,9.69,110.4,0.0,0.0,1240.6,0.175,""2021-06-11 14:38:26.381886"""
"SW1,154.0,39.0,29.53,9.7,109.0,0.0,0.0,1239.7,0.175,""2021-06-11 14:38:38.935381"""
"SW1,155.0,39.0,29.52,9.7,107.1,0.0,0.0,1239.7,0.175,""2021-06-11 14:38:51.490913"""
"SW1,156.0,39.0,29.5,9.7,106.8,0.0,0.0,1239.8,0.175,""2021-06-11 14:39:04.046126"""
"SW1,157.0,39.0,29.59,9.7,111.3,0.0,0.0,1239.7,0.175,""2021-06-11 14:39:17.105629"""
"SW1,158.0,39.0,29.6,9.7,112.0,0.0,0.0,1240.9,0.175,""2021-06-11 14:39:29.663445"""
"SW1,159.0,39.0,29.62,9.7,109.4,0.0,0.0,1241.4,0.175,""2021-06-11 14:39:42.219876"""
"SW1,160.0,39.0,29.6,9.7,108.7,0.0,0.0,1240.2,0.175,""2021-06-11 14:39:54.777048"""
"SW1,161.0,39.0,29.61,9.7,114.0,0.0,0.0,1241.9,0.175,""2021-06-11 14:40:07.832230"""
"SW1,162.0,39.0,29.64,9.71,114.4,0.0,0.0,1240.3,0.175,""2021-06-11 14:40:20.369657"""
"SW1,163.0,39.0,29.63,9.71,115.9,0.0,0.0,1240.8,0.175,""2021-06-11 14:40:32.924228"""
"SW1,164.0,39.0,29.61,9.71,113.6,0.0,0.0,1242.9,0.175,""2021-06-11 14:40:45.481414"""
"SW1,165.0,39.0,29.61,9.7,113.8,0.0,0.0,1242.6,0.175,""2021-06-11 14:40:58.539907"""
"SW1,166.0,39.0,29.62,9.7,112.6,0.0,0.0,1240.7,0.175,""2021-06-11 14:41:11.076205"""
"SW1,167.0,39.0,29.63,9.71,116.5,0.0,0.0,1243.4,0.175,""2021-06-11 14:41:23.613269"""
"SW1,168.0,39.0,29.64,9.71,115.0,0.0,0.0,1242.5,0.175,""2021-06-11 14:41:36.148088"""
"SW1,169.0,39.0,29.66,9.7,114.5,0.0,0.0,1242.9,0.175,""2021-06-11 14:41:49.202710"""
"SW1,170.0,39.0,29.66,9.71,116.0,0.0,0.0,1242.3,0.175,""2021-06-11 14:42:01.738991"""
"SW1,171.0,39.0,29.66,9.72,115.7,0.0,0.0,1242.1,0.175,""2021-06-11 14:42:14.274123"""
"SW1,172.0,39.0,29.69,9.71,116.0,0.0,0.0,1242.6,0.175,""2021-06-11 14:42:26.830050"""
"SW1,173.0,39.0,29.71,9.71,116.3,0.0,0.0,1242.8,0.175,""2021-06-11 14:42:39.868358"""
"SW1,174.0,39.0,29.74,9.7,118.2,0.0,0.0,1242.0,0.175,""2021-06-11 14:42:52.423988"""
"SW1,175.0,39.0,29.74,9.71,117.9,0.0,0.0,1242.9,0.175,""2021-06-11 14:43:04.960388"""
"SW1,176.0,39.0,29.68,9.71,114.8,0.0,0.0,1243.6,0.175,""2021-06-11 14:43:18.017354"""
"SW1,177.0,39.0,29.7,9.71,112.0,0.0,0.0,1243.4,0.175,""2021-06-11 14:43:30.575354"""
"SW1,178.0,39.0,29.73,9.7,113.4,0.0,0.0,1241.8,0.175,""2021-06-11 14:43:43.129628"""
"SW1,179.0,39.0,29.74,9.71,112.0,0.0,0.0,1242.4,0.175,""2021-06-11 14:43:55.669196"""
"SW1,180.0,39.0,29.73,9.71,111.7,0.0,0.0,1242.0,0.175,""2021-06-11 14:44:08.703171"""
"SW1,181.0,39.0,29.73,9.72,110.2,0.0,0.0,1242.1,0.175,""2021-06-11 14:44:21.258252"""
"SW1,182.0,39.0,29.74,9.72,109.9,0.0,0.0,1241.8,0.175,""2021-06-11 14:44:33.813452"""
"SW1,183.0,39.0,29.75,9.72,114.6,0.0,0.0,1242.1,0.175,""2021-06-11 14:44:46.351180"""
"SW1,184.0,39.0,29.75,9.71,118.7,0.0,0.0,1241.0,0.175,""2021-06-11 14:44:59.389751"""
"SW1,185.0,39.0,29.77,9.71,119.1,0.0,0.0,1241.6,0.175,""2021-06-11 14:45:11.927407"""
"SW1,186.0,39.0,29.74,9.71,120.4,0.0,0.0,1242.3,0.175,""2021-06-11 14:45:24.483294"""
"SW1,187.0,39.0,29.77,9.71,118.2,0.0,0.0,1242.6,0.175,""2021-06-11 14:45:37.041910"""
"SW1,188.0,39.0,29.81,9.71,119.3,0.0,0.0,1242.3,0.175,""2021-06-11 14:45:50.100210"""
"SW1,189.0,39.0,29.8,9.7,118.8,0.0,0.0,1242.1,0.175,""2021-06-11 14:46:02.656277"""
"SW1,190.0,39.0,29.81,9.7,118.7,0.0,0.0,1241.4,0.175,""2021-06-11 14:46:15.190695"""
"SW1,191.0,39.0,29.82,9.7,117.3,0.0,0.0,1242.2,0.175,""2021-06-11 14:46:27.746689"""
"SW1,192.0,39.0,29.84,9.7,115.2,0.0,0.0,1241.8,0.175,""2021-06-11 14:46:40.801197"""
"SW1,193.0,39.0,29.85,9.7,115.4,0.0,0.0,1241.3,0.175,""2021-06-11 14:46:53.356021"""
"SW1,194.0,39.0,29.86,9.7,116.0,0.0,0.0,1241.0,0.175,""2021-06-11 14:47:05.913354"""
"SW1,195.0,39.0,29.85,9.71,115.2,0.0,0.0,1240.7,0.175,""2021-06-11 14:47:18.469267"""
"SW1,196.0,39.0,29.82,9.7,118.0,0.0,0.0,1240.4,0.175,""2021-06-11 14:47:31.524953"""
"SW1,197.0,39.0,29.84,9.7,117.9,0.0,0.0,1241.5,0.175,""2021-06-11 14:47:44.060792"""
"SW1,198.0,39.0,29.83,9.71,117.0,0.0,0.0,1241.2,0.175,""2021-06-11 14:47:56.617420"""
"SW1,199.0,39.0,29.82,9.71,118.4,0.0,0.0,1240.0,0.175,""2021-06-11 14:48:09.173080"""
"SW1,200.0,39.0,29.84,9.71,119.4,0.0,0.0,1240.7,0.175,""2021-06-11 14:48:22.228500"""
"SW1,201.0,39.0,29.82,9.71,117.1,0.0,0.0,1241.3,0.175,""2021-06-11 14:48:34.759060"""
"SW1,202.0,39.0,29.84,9.71,119.0,0.0,0.0,1241.5,0.175,""2021-06-11 14:48:47.294763"""
"SW1,203.0,39.0,29.85,9.71,117.8,0.0,0.0,1241.8,0.175,""2021-06-11 14:48:59.853643"""
"SW1,204.0,39.0,29.86,9.71,119.8,0.0,0.0,1241.0,0.175,""2021-06-11 14:49:12.911957"""
"SW1,205.0,39.0,29.86,9.71,118.7,0.0,0.0,1241.5,0.175,""2021-06-11 14:49:25.468092"""
"SW1,206.0,39.0,29.86,9.71,118.8,0.0,0.0,1241.5,0.175,""2021-06-11 14:49:38.022686"""
"SW1,207.0,39.0,29.88,9.71,118.3,0.0,0.0,1241.1,0.175,""2021-06-11 14:49:50.555558"""
"SW1,208.0,39.0,29.85,9.71,118.9,0.0,0.0,1240.9,0.175,""2021-06-11 14:50:03.611289"""
"SW1,209.0,39.0,29.88,9.7,118.5,0.0,0.0,1240.6,0.175,""2021-06-11 14:50:16.166169"""
"SW1,210.0,39.0,29.88,9.7,117.5,0.0,0.0,1239.8,0.175,""2021-06-11 14:50:28.724785"""
"SW1,211.0,39.0,29.91,9.7,115.9,0.0,0.0,1239.6,0.175,""2021-06-11 14:50:41.262498"""
"SW1,212.0,39.0,29.91,9.7,115.6,0.0,0.0,1240.5,0.175,""2021-06-11 14:50:54.320274"""
"SW1,213.0,39.0,29.93,9.7,114.0,0.0,0.0,1240.6,0.175,""2021-06-11 14:51:06.875666"""
"SW1,214.0,39.0,29.95,9.7,113.4,0.0,0.0,1238.5,0.175,""2021-06-11 14:51:19.428156"""
"SW1,215.0,39.0,29.93,9.71,116.3,0.0,0.0,1239.5,0.175,""2021-06-11 14:51:31.982585"""
"SW1,216.0,39.0,29.9,9.7,117.9,0.0,0.0,1240.1,0.175,""2021-06-11 14:51:45.038034"""
"SW1,217.0,39.0,29.95,9.71,115.3,0.0,0.0,1239.1,0.175,""2021-06-11 14:51:57.574105"""
"SW1,218.0,39.0,29.9,9.71,115.4,0.0,0.0,1239.0,0.175,""2021-06-11 14:52:10.128795"""
"SW1,219.0,39.0,29.94,9.71,115.3,0.0,0.0,1238.7,0.175,""2021-06-11 14:52:22.684025"""
"SW1,220.0,39.0,29.95,9.71,114.8,0.0,0.0,1237.5,0.175,""2021-06-11 14:52:35.719935"""
"SW1,221.0,39.0,29.98,9.7,115.2,0.0,0.0,1237.9,0.175,""2021-06-11 14:52:48.274590"""
"SW1,222.0,39.0,30.01,9.7,115.0,0.0,0.0,1238.0,0.175,""2021-06-11 14:53:00.830789"""
"SW1,223.0,39.0,30.03,9.71,115.0,0.0,0.0,1238.2,0.175,""2021-06-11 14:53:13.367354"""
"SW1,224.0,39.0,30.04,9.71,113.3,0.0,0.0,1239.0,0.175,""2021-06-11 14:53:26.405417"""
"SW1,225.0,39.0,30.05,9.71,114.8,0.0,0.0,1237.6,0.175,""2021-06-11 14:53:38.937854"""
"SW1,226.0,39.0,30.06,9.71,113.1,0.0,0.0,1238.0,0.175,""2021-06-11 14:53:51.473200"""
"SW1,227.0,39.0,30.04,9.71,110.9,0.0,0.0,1237.6,0.175,""2021-06-11 14:54:04.511421"""
"SW1,228.0,39.0,30.07,9.71,110.8,0.0,0.0,1237.3,0.175,""2021-06-11 14:54:17.054543"""
"SW1,229.0,39.0,30.1,9.7,110.5,0.0,0.0,1237.6,0.175,""2021-06-11 14:54:29.613850"""
"SW1,230.0,39.0,30.1,9.7,113.4,0.0,0.0,1236.3,0.175,""2021-06-11 14:54:42.171949"""
"SW1,231.0,39.0,30.09,9.7,112.9,0.0,0.0,1237.6,0.175,""2021-06-11 14:54:55.232601"""
"SW1,232.0,39.0,30.12,9.7,110.5,0.0,0.0,1236.8,0.175,""2021-06-11 14:55:07.791820"""
"SW1,233.0,39.0,30.12,9.71,113.1,0.0,0.0,1235.0,0.175,""2021-06-11 14:55:20.352911"""
"SW1,234.0,39.0,30.12,9.71,111.7,0.0,0.0,1236.6,0.175,""2021-06-11 14:55:32.893027"""
"SW1,235.0,39.0,30.13,9.7,110.9,0.0,0.0,1235.7,0.175,""2021-06-11 14:55:45.933460"""
"SW1,236.0,39.0,30.14,9.71,111.0,0.0,0.0,1236.0,0.175,""2021-06-11 14:55:58.474221"""
"SW1,237.0,39.0,30.14,9.71,110.5,0.0,0.0,1235.0,0.175,""2021-06-11 14:56:11.033213"""
"SW1,238.0,39.0,30.13,9.71,112.0,0.0,0.0,1234.6,0.175,""2021-06-11 14:56:23.592975"""
"SW1,239.0,39.0,30.13,9.71,112.6,0.0,0.0,1235.0,0.175,""2021-06-11 14:56:36.652214"""
"SW1,240.0,39.0,30.11,9.71,111.1,0.0,0.0,1235.9,0.175,""2021-06-11 14:56:49.210317"""
"SW1,241.0,39.0,30.12,9.71,110.2,0.0,0.0,1235.2,0.175,""2021-06-11 14:57:01.770799"""
"SW1,242.0,39.0,30.13,9.71,108.9,0.0,0.0,1234.8,0.175,""2021-06-11 14:57:14.330109"""
"SW1,243.0,39.0,30.13,9.7,108.2,0.0,0.0,1234.3,0.175,""2021-06-11 14:57:27.391867"""
"SW1,244.0,39.0,30.11,9.7,112.6,0.0,0.0,1234.9,0.175,""2021-06-11 14:57:39.931275"""
"SW1,245.0,39.0,30.11,9.7,111.4,0.0,0.0,1234.5,0.175,""2021-06-11 14:57:52.469768"""
"SW1,246.0,39.0,30.06,9.7,112.6,0.0,0.0,1234.8,0.175,""2021-06-11 14:58:05.004391"""
"SW1,247.0,39.0,30.09,9.71,116.8,0.0,0.0,1231.2,0.175,""2021-06-11 14:58:18.061568"""
"SW1,248.0,39.0,30.11,9.71,117.4,0.0,0.0,1232.6,0.175,""2021-06-11 14:58:30.620014"""
"SW1,249.0,39.0,30.13,9.7,115.6,0.0,0.0,1235.3,0.175,""2021-06-11 14:58:43.174554"""
"SW1,250.0,39.0,30.12,9.71,117.0,0.0,0.0,1231.6,0.175,""2021-06-11 14:58:55.710737"""
"SW1,251.0,39.0,30.1,9.71,120.1,0.0,0.0,1233.9,0.175,""2021-06-11 14:59:08.745335"""
"SW1,252.0,39.0,30.1,9.72,118.3,0.0,0.0,1237.3,0.175,""2021-06-11 14:59:21.298712"""
"SW1,253.0,39.0,29.79,9.09,115.7,0.0,0.0,1.2,-0.013,""2021-06-11 14:59:33.831995"""
"SW1,254.0,39.0,29.15,8.27,114.1,0.0,0.0,1.3,-0.01,""2021-06-11 14:59:48.394280"""
"SW1,255.0,39.0,28.54,7.98,112.7,0.0,0.0,1.3,-0.013,""2021-06-11 15:00:00.929378"""
"SW1,0.0,39.0,28.18,7.96,112.3,0.0,0.0,2106.9,-0.013,""2021-06-11 15:00:14.987044"""
"SW1,1.0,39.0,29.67,9.69,126.4,0.0,0.0,2065.5,-0.013,""2021-06-11 15:00:28.045890"""
"SW1,20.0,38.0,30.66,9.92,118.7,0.0,0.0,2024.3,-0.013,""2021-06-11 15:08:33.132079"""
"SW1,21.0,39.0,30.65,9.92,121.8,0.0,0.0,2024.9,-0.013,""2021-06-11 15:08:57.714296"""
"SW1,34.0,39.0,30.64,9.9,115.2,0.0,0.0,2016.7,-0.013,""2021-06-11 15:13:57.392874"""
"SW1,39.0,39.0,30.8,9.9,112.9,0.0,0.0,2016.4,-0.013,""2021-06-11 15:15:56.666222"""
"SW1,40.0,39.0,30.76,9.87,119.0,0.0,0.0,2013.3,-0.013,""2021-06-11 15:16:11.228876"""
"SW1,41.0,39.0,30.74,9.86,118.6,0.0,0.0,2015.6,-0.013,""2021-06-11 15:16:27.274743"""
"SW1,42.0,39.0,30.72,9.87,118.8,0.0,0.0,2016.4,-0.013,""2021-06-11 15:16:41.836555"""
"SW1,43.0,39.0,30.72,9.86,117.8,0.0,0.0,2016.0,-0.013,""2021-06-11 15:16:54.392764"""
"SW1,44.0,39.0,30.73,9.84,120.0,0.0,0.0,2015.0,-0.013,""2021-06-11 15:17:10.453404"""
"SW1,45.0,38.0,30.72,9.84,124.4,0.0,0.0,2023.3,-0.013,""2021-06-11 15:17:24.991404"""
"SW1,47.0,35.0,30.74,9.86,118.8,0.0,0.0,2031.3,-0.013,""2021-06-11 15:18:02.579176"""
"SW1,48.0,39.0,30.76,9.84,116.3,0.0,0.0,2029.6,-0.013,""2021-06-11 15:18:23.133587"""
"SW1,49.0,39.0,30.8,9.85,114.5,0.0,0.0,2029.8,-0.013,""2021-06-11 15:18:44.205060"""
"SW1,51.0,39.0,30.72,9.86,126.5,0.0,0.0,2017.1,-0.013,""2021-06-11 15:19:20.816957"""
"SW1,52.0,38.0,30.67,9.69,123.7,0.0,0.0,1.6,-0.019,""2021-06-11 15:19:33.375523"""
"SW1,53.0,39.0,29.74,8.26,116.0,0.0,0.0,1.3,-0.035,""2021-06-11 15:19:45.934050"""
"SW1,54.0,39.0,29.1,7.93,115.6,0.0,0.0,1.2,-0.042,""2021-06-11 15:19:58.990056"""
"SW1,55.0,39.0,28.91,7.58,114.3,0.0,0.0,1.3,-0.038,""2021-06-11 15:20:11.546469"""
"SW1,56.0,39.0,29.26,9.91,121.6,0.0,0.0,1004.1,-0.038,""2021-06-11 15:20:24.086494"""
"SW1,57.0,39.0,30.16,9.91,118.7,0.0,0.0,996.8,-0.038,""2021-06-11 15:20:36.646955"""
"SW1,58.0,38.0,30.4,9.9,115.7,0.0,0.0,992.0,-0.038,""2021-06-11 15:20:49.708362"""
"SW1,59.0,39.0,30.47,9.9,114.3,0.0,0.0,989.1,-0.038,""2021-06-11 15:21:02.247929"""
"SW1,60.0,39.0,30.52,9.91,111.7,0.0,0.0,985.3,-0.038,""2021-06-11 15:21:15.288792"""
"SW1,61.0,38.0,30.52,9.89,125.9,0.0,0.0,5.0,-0.027,""2021-06-11 15:21:27.828989"""
"SW1,62.0,39.0,30.14,9.52,123.2,0.0,0.0,1545.5,-0.027,""2021-06-11 15:21:40.388812"""
"SW1,63.0,39.0,30.38,9.75,123.2,0.0,0.0,1544.4,-0.027,""2021-06-11 15:21:52.949015"""
"SW1,64.0,39.0,30.49,9.83,121.5,0.0,0.0,1542.8,-0.027,""2021-06-11 15:22:06.008053"""
"SW1,65.0,39.0,30.53,9.87,119.8,0.0,0.0,1542.7,-0.027,""2021-06-11 15:22:18.568413"""
"SW1,66.0,39.0,30.56,9.89,120.7,0.0,0.0,1542.4,-0.027,""2021-06-11 15:22:31.128058"""
"SW1,67.0,39.0,30.55,9.91,120.4,0.0,0.0,1543.6,-0.027,""2021-06-11 15:22:43.665891"""
"SW1,68.0,39.0,30.57,9.91,117.5,0.0,0.0,1545.1,-0.027,""2021-06-11 15:22:58.202761"""
"SW1,69.0,39.0,30.59,9.93,116.3,0.0,0.0,1547.0,-0.027,""2021-06-11 15:23:10.758553"""
"SW1,70.0,38.0,30.59,9.93,119.1,0.0,0.0,1545.5,-0.027,""2021-06-11 15:23:23.315427"""
"SW1,71.0,39.0,30.57,9.94,121.6,0.0,0.0,1549.3,-0.027,""2021-06-11 15:23:36.372040"""
"SW1,72.0,39.0,30.6,9.94,119.0,0.0,0.0,1549.7,-0.027,""2021-06-11 15:23:48.907179"""
"SW1,73.0,39.0,30.61,9.94,117.5,0.0,0.0,1553.2,-0.027,""2021-06-11 15:24:01.460043"""
"SW1,74.0,38.0,30.6,9.94,117.9,0.0,0.0,1547.6,-0.027,""2021-06-11 15:24:14.495865"""
"SW1,75.0,39.0,30.58,9.93,126.3,0.0,0.0,1547.3,-0.027,""2021-06-11 15:24:27.049881"""
"SW1,76.0,39.0,30.61,9.94,126.1,0.0,0.0,1549.3,-0.027,""2021-06-11 15:24:39.600422"""
"SW1,77.0,39.0,30.61,9.93,126.0,0.0,0.0,1500.4,-0.027,""2021-06-11 15:24:55.664394"""
"SW1,78.0,38.0,30.58,9.93,129.0,0.0,0.0,1565.4,-0.027,""2021-06-11 15:25:09.705300"""
"SW1,79.0,39.0,30.55,9.93,128.5,0.0,0.0,1579.0,-0.027,""2021-06-11 15:25:22.761830"""
"SW1,80.0,39.0,30.55,9.91,129.3,0.0,0.0,1543.9,-0.027,""2021-06-11 15:25:35.297053"""
"SW1,81.0,38.0,30.54,9.91,128.4,0.0,0.0,1567.8,-0.027,""2021-06-11 15:25:47.850722"""
"SW1,82.0,39.0,30.54,9.9,127.0,0.0,0.0,1576.8,-0.027,""2021-06-11 15:26:00.408074"""
"SW1,83.0,39.0,30.55,9.9,123.4,0.0,0.0,1577.9,-0.027,""2021-06-11 15:26:13.447324"""
"SW1,84.0,39.0,30.57,9.91,122.0,0.0,0.0,1578.0,-0.027,""2021-06-11 15:26:25.984580"""
"SW1,85.0,38.0,30.59,9.9,122.3,0.0,0.0,1575.6,-0.027,""2021-06-11 15:26:38.518853"""
"SW1,86.0,39.0,30.58,9.9,124.0,0.0,0.0,1576.5,-0.027,""2021-06-11 15:26:51.076431"""
"SW1,87.0,39.0,30.58,9.89,125.5,0.0,0.0,1573.9,-0.027,""2021-06-11 15:27:04.133201"""
"SW1,88.0,38.0,30.58,9.9,124.9,0.0,0.0,1576.7,-0.027,""2021-06-11 15:27:16.690501"""
"SW1,89.0,39.0,30.58,9.91,123.3,0.0,0.0,1575.5,-0.027,""2021-06-11 15:27:29.244402"""
"SW1,90.0,38.0,30.59,9.91,123.7,0.0,0.0,1576.2,-0.027,""2021-06-11 15:27:42.302769"""
"SW1,91.0,39.0,30.6,9.91,120.9,0.0,0.0,1577.1,-0.027,""2021-06-11 15:27:54.858229"""
"SW1,92.0,39.0,30.62,9.91,121.3,0.0,0.0,1575.7,-0.027,""2021-06-11 15:28:07.414480"""
"SW1,93.0,39.0,30.63,9.91,120.9,0.0,0.0,1577.3,-0.027,""2021-06-11 15:28:19.953273"""
"SW1,94.0,39.0,30.64,9.92,120.6,0.0,0.0,1577.8,-0.027,""2021-06-11 15:28:32.990776"""
"SW1,95.0,39.0,30.65,9.92,119.8,0.0,0.0,1576.7,-0.027,""2021-06-11 15:28:45.528715"""
"SW1,96.0,39.0,30.64,9.91,119.1,0.0,0.0,1575.5,-0.027,""2021-06-11 15:28:58.066524"""
"SW1,97.0,39.0,30.64,9.91,118.4,0.0,0.0,1574.9,-0.027,""2021-06-11 15:29:10.605832"""
"SW1,98.0,39.0,30.64,9.91,119.2,0.0,0.0,1576.9,-0.027,""2021-06-11 15:29:23.662375"""
"SW1,99.0,38.0,30.64,9.91,121.9,0.0,0.0,1574.4,-0.027,""2021-06-11 15:29:36.219923"""
"SW1,100.0,38.0,30.65,9.91,121.1,0.0,0.0,1575.3,-0.027,""2021-06-11 15:29:48.776924"""
"SW1,101.0,38.0,30.66,9.92,120.3,0.0,0.0,1574.3,-0.027,""2021-06-11 15:30:01.333455"""
"SW1,102.0,39.0,30.66,9.91,120.1,0.0,0.0,1574.8,-0.027,""2021-06-11 15:30:14.388702"""
"SW1,103.0,39.0,30.65,9.91,118.6,0.0,0.0,1576.4,-0.027,""2021-06-11 15:30:26.923512"""
"SW1,104.0,39.0,30.66,9.91,117.3,0.0,0.0,1576.4,-0.027,""2021-06-11 15:30:39.478126"""
"SW1,105.0,39.0,30.68,9.92,115.5,0.0,0.0,1576.1,-0.027,""2021-06-11 15:30:54.021876"""
"SW1,106.0,38.0,30.66,9.93,116.6,0.0,0.0,1575.9,-0.027,""2021-06-11 15:31:07.081014"""
"SW1,107.0,39.0,30.69,9.92,115.6,0.0,0.0,1574.6,-0.027,""2021-06-11 15:31:19.634789"""
"SW1,108.0,38.0,30.72,9.93,114.0,0.0,0.0,1575.9,-0.027,""2021-06-11 15:31:32.188438"""
"SW1,109.0,39.0,30.71,9.93,119.8,0.0,0.0,1574.8,-0.027,""2021-06-11 15:31:44.746375"""
"SW1,110.0,39.0,30.72,9.92,118.2,0.0,0.0,1575.3,-0.027,""2021-06-11 15:31:57.802128"""
"SW1,111.0,39.0,30.7,9.93,121.2,0.0,0.0,1574.9,-0.027,""2021-06-11 15:32:10.357996"""
"SW1,112.0,39.0,30.68,9.93,120.3,0.0,0.0,1573.9,-0.027,""2021-06-11 15:32:22.894746"""
"SW1,113.0,39.0,30.67,9.93,121.5,0.0,0.0,1574.1,-0.027,""2021-06-11 15:32:35.433396"""
"SW1,114.0,38.0,30.67,9.93,119.1,0.0,0.0,1575.2,-0.027,""2021-06-11 15:32:48.470105"""
"SW1,115.0,39.0,30.67,9.93,121.6,0.0,0.0,1573.0,-0.027,""2021-06-11 15:33:01.026001"""
"SW1,116.0,39.0,30.66,9.93,121.4,0.0,0.0,1575.3,-0.027,""2021-06-11 15:33:17.091587"""
"SW1,117.0,39.0,30.68,9.94,118.0,0.0,0.0,1572.9,-0.027,""2021-06-11 15:33:29.629141"""
"SW1,118.0,38.0,30.68,9.93,118.4,0.0,0.0,1574.2,-0.027,""2021-06-11 15:33:42.168198"""
"SW1,119.0,39.0,30.69,9.94,120.7,0.0,0.0,1571.0,-0.027,""2021-06-11 15:33:54.705200"""
"SW1,120.0,39.0,30.68,9.94,121.8,0.0,0.0,1574.1,-0.027,""2021-06-11 15:34:09.244746"""
"SW1,121.0,39.0,30.7,9.95,119.8,0.0,0.0,1575.0,-0.027,""2021-06-11 15:34:21.781144"""
"SW1,122.0,39.0,30.71,9.94,117.0,0.0,0.0,1574.1,-0.027,""2021-06-11 15:34:34.820804"""
"SW1,123.0,39.0,30.69,9.94,116.5,0.0,0.0,1573.5,-0.027,""2021-06-11 15:34:47.356586"""
"SW1,124.0,39.0,30.7,9.94,116.9,0.0,0.0,1573.6,-0.027,""2021-06-11 15:34:59.915559"""
"SW1,125.0,39.0,30.71,9.94,118.1,0.0,0.0,1571.9,-0.027,""2021-06-11 15:35:12.469307"""
"SW1,126.0,39.0,30.71,9.94,120.8,0.0,0.0,1573.2,-0.027,""2021-06-11 15:35:25.502589"""
"SW1,127.0,38.0,30.7,9.94,119.8,0.0,0.0,1573.3,-0.027,""2021-06-11 15:35:38.062981"""
"SW1,128.0,39.0,30.72,9.94,118.4,0.0,0.0,1573.7,-0.027,""2021-06-11 15:35:50.599518"""
"SW1,129.0,38.0,30.72,9.94,116.5,0.0,0.0,1572.4,-0.027,""2021-06-11 15:36:03.157836"""
"SW1,130.0,39.0,30.71,9.94,115.8,0.0,0.0,1573.2,-0.027,""2021-06-11 15:36:16.219058"""
"SW1,131.0,39.0,30.73,9.94,115.2,0.0,0.0,1572.3,-0.027,""2021-06-11 15:36:28.760087"""
"SW1,132.0,39.0,30.74,9.94,114.3,0.0,0.0,1574.4,-0.027,""2021-06-11 15:36:41.320871"""
"SW1,133.0,39.0,30.76,9.94,113.4,0.0,0.0,1574.0,-0.027,""2021-06-11 15:36:53.879649"""
"SW1,134.0,39.0,30.79,9.94,112.8,0.0,0.0,1572.7,-0.027,""2021-06-11 15:37:06.938442"""
"SW1,135.0,39.0,30.8,9.94,113.7,0.0,0.0,1571.8,-0.027,""2021-06-11 15:37:19.498654"""
"SW1,136.0,39.0,30.79,9.94,117.4,0.0,0.0,1572.5,-0.027,""2021-06-11 15:37:32.054099"""
"SW1,138.0,39.0,30.82,9.94,114.9,0.0,0.0,1574.1,-0.027,""2021-06-11 15:37:57.614691"""
"SW1,139.0,39.0,30.85,9.95,114.2,0.0,0.0,1574.4,-0.027,""2021-06-11 15:38:10.172276"""
"SW1,140.0,39.0,30.85,9.95,116.5,0.0,0.0,1570.9,-0.027,""2021-06-11 15:38:22.729558"""
"SW1,141.0,39.0,30.84,9.95,119.5,0.0,0.0,1570.9,-0.027,""2021-06-11 15:38:35.786707"""
"SW1,142.0,38.0,30.82,9.94,119.6,0.0,0.0,1567.7,-0.027,""2021-06-11 15:38:48.322687"""
"SW1,143.0,39.0,30.81,9.94,118.5,0.0,0.0,1572.8,-0.027,""2021-06-11 15:39:00.861293"""
"SW1,144.0,38.0,30.8,9.95,118.0,0.0,0.0,1573.3,-0.027,""2021-06-11 15:39:13.396635"""
"SW1,145.0,39.0,30.8,9.94,119.8,0.0,0.0,1571.7,-0.027,""2021-06-11 15:39:26.452751"""
"SW1,146.0,38.0,30.83,9.94,121.5,0.0,0.0,1573.8,-0.027,""2021-06-11 15:39:39.007348"""
"SW1,147.0,38.0,30.83,9.95,120.7,0.0,0.0,1573.6,-0.027,""2021-06-11 15:39:51.544691"""
"SW1,148.0,39.0,30.85,9.94,117.8,0.0,0.0,1572.9,-0.027,""2021-06-11 15:40:04.095968"""
"SW1,149.0,38.0,30.86,9.94,119.9,0.0,0.0,1574.1,-0.027,""2021-06-11 15:40:17.134584"""
"SW1,150.0,39.0,30.87,9.94,117.3,0.0,0.0,1569.9,-0.027,""2021-06-11 15:40:29.671771"""
"SW1,151.0,38.0,30.86,9.95,120.6,0.0,0.0,1572.1,-0.027,""2021-06-11 15:40:42.208780"""
"SW1,152.0,38.0,30.85,9.95,118.4,0.0,0.0,1573.0,-0.027,""2021-06-11 15:40:54.764031"""
"SW1,153.0,38.0,30.86,9.95,117.2,0.0,0.0,1572.6,-0.027,""2021-06-11 15:41:07.822093"""
"SW1,154.0,39.0,30.86,9.95,118.8,0.0,0.0,1572.5,-0.027,""2021-06-11 15:41:20.379049"""
"SW1,155.0,39.0,30.87,9.95,118.2,0.0,0.0,1572.5,-0.027,""2021-06-11 15:41:32.916030"""
"SW1,156.0,39.0,30.88,9.95,117.6,0.0,0.0,1572.6,-0.027,""2021-06-11 15:41:45.953223"""
"SW1,157.0,39.0,30.9,9.95,116.3,0.0,0.0,1569.0,-0.027,""2021-06-11 15:41:58.488733"""
"SW1,158.0,39.0,30.89,9.95,120.7,0.0,0.0,1572.3,-0.027,""2021-06-11 15:42:11.043433"""
"SW1,159.0,39.0,30.9,9.95,119.3,0.0,0.0,1572.4,-0.027,""2021-06-11 15:42:23.580741"""
"SW1,160.0,38.0,30.91,9.94,119.1,0.0,0.0,1570.0,-0.027,""2021-06-11 15:42:36.618818"""
"SW1,161.0,38.0,30.91,9.94,118.6,0.0,0.0,1572.0,-0.027,""2021-06-11 15:42:49.156964"""
"SW1,162.0,39.0,30.92,9.95,118.5,0.0,0.0,1571.6,-0.027,""2021-06-11 15:43:01.691771"""
"SW1,163.0,38.0,30.92,9.95,121.0,0.0,0.0,1570.6,-0.027,""2021-06-11 15:43:14.246824"""
"SW1,164.0,39.0,30.91,9.95,117.4,0.0,0.0,1571.9,-0.027,""2021-06-11 15:43:27.285438"""
"SW1,165.0,39.0,30.95,9.95,115.6,0.0,0.0,1571.1,-0.027,""2021-06-11 15:43:39.824012"""
"SW1,166.0,38.0,30.95,9.95,117.5,0.0,0.0,1571.5,-0.027,""2021-06-11 15:43:52.361141"""
"SW1,167.0,35.0,30.96,9.94,115.0,0.0,0.0,1570.8,-0.027,""2021-06-11 15:44:05.396155"""
"SW1,168.0,36.0,30.95,9.95,113.2,0.0,0.0,1570.2,-0.027,""2021-06-11 15:44:17.950722"""
"SW1,169.0,38.0,30.94,9.95,118.6,0.0,0.0,1569.2,-0.027,""2021-06-11 15:44:30.509115"""
"SW1,170.0,38.0,30.94,9.94,119.3,0.0,0.0,1571.0,-0.027,""2021-06-11 15:44:43.064860"""
"SW1,172.0,39.0,30.96,9.95,116.0,0.0,0.0,1570.9,-0.027,""2021-06-11 15:45:08.652761"""
"SW1,173.0,39.0,30.98,9.95,114.1,0.0,0.0,1568.9,-0.027,""2021-06-11 15:45:21.209202"""
"SW1,174.0,39.0,30.97,9.95,118.5,0.0,0.0,1570.1,-0.027,""2021-06-11 15:45:33.764363"""
"SW1,175.0,38.0,30.96,9.95,119.9,0.0,0.0,1568.5,-0.027,""2021-06-11 15:45:46.822406"""
"SW1,176.0,38.0,30.96,9.95,121.1,0.0,0.0,1567.6,-0.027,""2021-06-11 15:45:59.388347"""
"SW1,177.0,39.0,30.96,9.95,121.3,0.0,0.0,1568.5,-0.027,""2021-06-11 15:46:11.926857"""
"SW1,178.0,38.0,30.95,9.94,120.5,0.0,0.0,1567.8,-0.027,""2021-06-11 15:46:24.465455"""
"SW1,179.0,38.0,30.95,9.94,121.5,0.0,0.0,1568.9,-0.027,""2021-06-11 15:46:37.501431"""
"SW1,180.0,39.0,30.95,9.94,119.2,0.0,0.0,1568.6,-0.027,""2021-06-11 15:46:50.038057"""
"SW1,181.0,38.0,30.97,9.94,115.1,0.0,0.0,1569.8,-0.027,""2021-06-11 15:47:02.594059"""
"SW1,182.0,35.0,30.97,9.94,115.9,0.0,0.0,1569.9,-0.027,""2021-06-11 15:47:15.148082"""
"SW1,183.0,39.0,30.97,9.95,120.4,0.0,0.0,1569.0,-0.027,""2021-06-11 15:47:28.182796"""
"SW1,184.0,38.0,30.97,9.94,117.9,0.0,0.0,1568.9,-0.027,""2021-06-11 15:47:40.739615"""
"SW1,185.0,38.0,30.96,9.95,115.3,0.0,0.0,1569.3,-0.027,""2021-06-11 15:47:53.296018"""
"SW1,186.0,38.0,30.97,9.94,113.4,0.0,0.0,1568.7,-0.027,""2021-06-11 15:48:06.334924"""
"SW1,187.0,38.0,30.99,9.95,113.3,0.0,0.0,1569.9,-0.027,""2021-06-11 15:48:18.870667"""
"SW1,188.0,39.0,31.0,9.95,120.5,0.0,0.0,1568.2,-0.027,""2021-06-11 15:48:31.407379"""
"SW1,189.0,38.0,31.0,9.94,118.8,0.0,0.0,1568.9,-0.027,""2021-06-11 15:48:44.465368"""
"SW1,190.0,38.0,30.99,9.95,120.9,0.0,0.0,1570.2,-0.027,""2021-06-11 15:48:57.017153"""
"SW1,191.0,38.0,30.98,9.95,118.5,0.0,0.0,1569.6,-0.027,""2021-06-11 15:49:09.546180"""
"SW1,192.0,38.0,31.03,9.95,116.5,0.0,0.0,1569.4,-0.027,""2021-06-11 15:49:22.080782"""
"SW1,193.0,38.0,31.05,9.95,114.6,0.0,0.0,1568.2,-0.027,""2021-06-11 15:49:35.140598"""
"SW1,194.0,39.0,31.08,9.95,114.2,0.0,0.0,1568.1,-0.027,""2021-06-11 15:49:47.696094"""
"SW1,195.0,38.0,31.09,9.95,115.2,0.0,0.0,1568.3,-0.027,""2021-06-11 15:50:00.251213"""
"SW1,196.0,39.0,31.1,9.95,120.9,0.0,0.0,1567.0,-0.027,""2021-06-11 15:50:12.789863"""
"SW1,197.0,38.0,31.09,9.95,119.6,0.0,0.0,1568.1,-0.027,""2021-06-11 15:50:25.827348"""
"SW1,198.0,38.0,31.11,9.95,118.4,0.0,0.0,1568.5,-0.027,""2021-06-11 15:50:38.365361"""
"SW1,199.0,38.0,31.11,9.94,118.6,0.0,0.0,1566.8,-0.027,""2021-06-11 15:50:50.919925"""
"SW1,201.0,38.0,31.07,9.95,118.4,0.0,0.0,1568.9,-0.027,""2021-06-11 15:51:18.007435"""
"SW1,202.0,38.0,31.1,9.96,115.8,0.0,0.0,1568.4,-0.027,""2021-06-11 15:51:30.561309"""
"SW1,203.0,38.0,31.13,9.95,113.7,0.0,0.0,1567.8,-0.027,""2021-06-11 15:51:43.602752"""
"SW1,204.0,38.0,31.14,9.95,113.4,0.0,0.0,1567.7,-0.027,""2021-06-11 15:51:56.157480"""
"SW1,205.0,38.0,31.14,9.95,115.4,0.0,0.0,1567.7,-0.027,""2021-06-11 15:52:08.693298"""
"SW1,206.0,38.0,31.15,9.95,117.0,0.0,0.0,1567.0,-0.027,""2021-06-11 15:52:21.247798"""
"SW1,207.0,38.0,31.15,9.95,118.5,0.0,0.0,1567.8,-0.027,""2021-06-11 15:52:34.285423"""
"SW1,208.0,38.0,31.15,9.95,117.8,0.0,0.0,1566.4,-0.027,""2021-06-11 15:52:46.817292"""
"SW1,209.0,38.0,31.16,9.95,118.5,0.0,0.0,1567.2,-0.027,""2021-06-11 15:52:59.372319"""
"SW1,210.0,38.0,31.18,9.95,116.6,0.0,0.0,1566.5,-0.027,""2021-06-11 15:53:12.409456"""
"SW1,211.0,38.0,31.21,9.95,114.6,0.0,0.0,1431.7,-0.027,""2021-06-11 15:53:24.946292"""
"SW1,212.0,38.0,31.16,9.92,126.8,0.0,0.0,1572.9,-0.027,""2021-06-11 15:53:37.477953"""
"SW1,213.0,38.0,31.16,9.92,125.0,0.0,0.0,1571.4,-0.027,""2021-06-11 15:54:04.047181"""
"SW1,214.0,38.0,29.83,8.67,114.7,0.0,0.0,1.3,-0.061,""2021-06-11 15:54:17.086454"""
"SW1,216.0,38.0,30.84,9.92,123.6,0.0,0.0,2694.3,-0.061,""2021-06-11 15:55:04.224720"""
"SW1,217.0,38.0,31.26,9.96,117.9,0.0,0.0,2676.8,-0.061,""2021-06-11 15:55:21.791377"""
"SW1,218.0,38.0,31.26,9.98,126.0,0.0,0.0,652.2,-0.061,""2021-06-11 15:55:37.852316"""
"SW1,219.0,38.0,31.29,9.84,128.3,0.0,0.0,1279.7,-0.061,""2021-06-11 15:55:53.915187"""
"SW1,220.0,38.0,31.28,9.85,125.5,0.0,0.0,1194.1,-0.061,""2021-06-11 15:56:07.455870"""
"SW1,221.0,38.0,31.28,9.87,125.9,0.0,0.0,1272.9,-0.061,""2021-06-11 15:56:20.010581"""
"SW1,222.0,38.0,31.27,9.87,123.6,0.0,0.0,1272.0,-0.061,""2021-06-11 15:56:33.048985"""
"SW1,223.0,38.0,31.27,9.87,122.7,0.0,0.0,1272.9,-0.061,""2021-06-11 15:56:45.582812"""
"SW1,224.0,38.0,31.3,9.88,122.1,0.0,0.0,1271.5,-0.061,""2021-06-11 15:56:58.139171"""
"SW1,225.0,38.0,31.3,9.89,122.8,0.0,0.0,1270.8,-0.061,""2021-06-11 15:57:11.196182"""
"SW1,226.0,38.0,31.29,9.89,125.1,0.0,0.0,1270.4,-0.061,""2021-06-11 15:57:30.748782"""
"SW1,227.0,38.0,31.29,9.92,123.8,0.0,0.0,1270.8,-0.061,""2021-06-11 15:57:45.308612"""
"SW1,228.0,38.0,31.31,9.9,123.0,0.0,0.0,1268.8,-0.061,""2021-06-11 15:57:57.864958"""
"SW1,229.0,38.0,31.32,9.89,119.4,0.0,0.0,1269.0,-0.061,""2021-06-11 15:58:13.927990"""
"SW1,230.0,38.0,31.33,9.91,120.6,0.0,0.0,1269.0,-0.061,""2021-06-11 15:58:29.974250"""
"SW1,231.0,38.0,31.37,9.9,120.5,0.0,0.0,1267.3,-0.061,""2021-06-11 15:58:42.529735"""
"SW1,232.0,38.0,31.36,9.9,120.0,0.0,0.0,1267.8,-0.061,""2021-06-11 15:58:55.586672"""
"SW1,233.0,38.0,31.35,9.89,123.6,0.0,0.0,1266.7,-0.061,""2021-06-11 15:59:08.142364"""
"SW1,234.0,38.0,31.34,9.9,122.3,0.0,0.0,1267.8,-0.061,""2021-06-11 15:59:20.679578"""
"SW1,235.0,38.0,31.35,9.9,118.6,0.0,0.0,1267.2,-0.061,""2021-06-11 15:59:33.720048"""
"SW1,236.0,38.0,31.36,9.9,120.2,0.0,0.0,1266.3,-0.061,""2021-06-11 15:59:46.258647"""
"SW1,237.0,38.0,31.35,9.9,122.4,0.0,0.0,1267.2,-0.061,""2021-06-11 16:00:00.800882"""
"SW1,238.0,38.0,31.36,9.91,122.9,0.0,0.0,1266.3,-0.061,""2021-06-11 16:00:20.373178"""
"SW1,240.0,38.0,31.39,9.95,119.1,0.0,0.0,1265.3,-0.061,""2021-06-11 16:01:05.990089"""
"SW1,242.0,38.0,31.4,9.94,120.0,0.0,0.0,1264.4,-0.061,""2021-06-11 16:01:43.589482"""
"SW1,243.0,38.0,31.4,9.91,122.4,0.0,0.0,1263.7,-0.061,""2021-06-11 16:01:56.646153"""
"SW1,244.0,38.0,31.4,9.9,122.3,0.0,0.0,1264.8,-0.061,""2021-06-11 16:02:09.202777"""
"SW1,245.0,38.0,31.41,9.9,120.6,0.0,0.0,1261.8,-0.061,""2021-06-11 16:02:30.764835"""
"SW1,246.0,38.0,31.38,9.95,123.8,0.0,0.0,1265.6,-0.061,""2021-06-11 16:02:46.828700"""
"SW1,248.0,38.0,31.39,9.97,123.6,0.0,0.0,1263.0,-0.061,""2021-06-11 16:03:32.446609"""
"SW1,249.0,38.0,31.4,9.94,121.3,0.0,0.0,1263.6,-0.061,""2021-06-11 16:03:57.029179"""
"SW1,250.0,38.0,31.43,9.95,117.9,0.0,0.0,1263.3,-0.061,""2021-06-11 16:04:24.620606"""
"SW1,251.0,38.0,31.44,9.98,121.9,0.0,0.0,1263.1,-0.061,""2021-06-11 16:04:45.694445"""
"SW1,252.0,38.0,31.45,9.97,122.7,0.0,0.0,1262.2,-0.061,""2021-06-11 16:05:14.266987"""
"SW1,253.0,38.0,31.44,9.99,122.6,0.0,0.0,1262.6,-0.061,""2021-06-11 16:05:28.326315"""
"SW1,254.0,38.0,31.43,9.95,122.9,0.0,0.0,1260.9,-0.061,""2021-06-11 16:05:42.882650"""
